{"d_real_loss": 9.907816028739294e-05, "_timestamp": 1669309575.3541214, "_runtime": 20.828627347946167, "_step": 0, "_wandb": {"runtime": 17}}