{"d_real_loss": 3.2702878909181735e-05, "_timestamp": 1669309920.767386, "_runtime": 35.07445788383484, "_step": 67, "d_fake_loss": 2.3136516809870347e-05, "g_loss": 0.000300161914797822, "err_D": 5.583939571905208e-05, "err_G": 0.000300161914797822}